Date,Open,High,Low,Close,Volume
22-Sep-08,1.35,1.59,1.20,1.37,1369107
23-Sep-08,1.28,1.37,1.21,1.31,895902
24-Sep-08,1.32,1.35,1.21,1.21,537356
25-Sep-08,1.24,1.28,1.21,1.25,447734
26-Sep-08,1.24,1.38,1.22,1.29,646315
29-Sep-08,1.35,1.42,1.10,1.42,768896
30-Sep-08,1.40,1.40,1.11,1.32,497369
1-Oct-08,1.30,1.30,1.16,1.22,499353
2-Oct-08,1.29,1.29,0.90,1.00,789572
3-Oct-08,1.02,1.18,0.96,1.00,459173
6-Oct-08,1.12,1.12,0.80,0.91,786438
7-Oct-08,0.99,1.00,0.82,0.85,440582
8-Oct-08,0.89,0.89,0.72,0.87,624828
9-Oct-08,0.90,0.96,0.80,0.85,339012
10-Oct-08,0.89,0.89,0.71,0.75,794980
13-Oct-08,0.80,0.82,0.72,0.79,394449
14-Oct-08,0.85,0.92,0.80,0.87,355417
15-Oct-08,0.90,0.90,0.66,0.66,525554
16-Oct-08,0.71,0.76,0.64,0.64,1057120
17-Oct-08,0.66,0.70,0.62,0.64,908187
20-Oct-08,0.67,0.68,0.61,0.64,482297
21-Oct-08,0.63,0.64,0.58,0.63,521103
22-Oct-08,0.66,0.66,0.52,0.52,659575
23-Oct-08,0.52,0.63,0.43,0.44,1033598
24-Oct-08,0.44,0.63,0.38,0.50,855703
27-Oct-08,0.53,0.59,0.49,0.50,485960
28-Oct-08,0.48,0.66,0.48,0.50,394379
29-Oct-08,0.55,0.61,0.52,0.58,454156
30-Oct-08,0.65,0.74,0.64,0.69,423237
31-Oct-08,0.69,0.75,0.68,0.70,386245
3-Nov-08,0.73,0.75,0.71,0.73,312194
4-Nov-08,0.76,0.84,0.76,0.82,485038
5-Nov-08,0.85,0.85,0.71,0.80,545017
6-Nov-08,0.82,1.08,0.81,1.00,626812
7-Nov-08,1.00,1.17,0.85,0.89,784592
10-Nov-08,0.99,1.00,0.82,0.91,334702
11-Nov-08,0.90,0.97,0.85,0.92,232586
12-Nov-08,0.94,0.94,0.78,0.81,226947
13-Nov-08,0.78,0.87,0.77,0.85,310823
14-Nov-08,0.86,0.87,0.84,0.84,339198
17-Nov-08,0.87,0.87,0.79,0.83,182706
18-Nov-08,0.81,0.88,0.77,0.77,212446
19-Nov-08,0.80,0.84,0.75,0.80,344811
20-Nov-08,0.84,0.84,0.76,0.80,349868
21-Nov-08,0.80,0.86,0.77,0.82,311320
24-Nov-08,0.87,0.98,0.85,0.89,563272
25-Nov-08,0.93,0.97,0.85,0.88,342332
26-Nov-08,0.90,0.97,0.88,0.95,298597
28-Nov-08,0.99,0.99,0.91,0.95,166477
1-Dec-08,0.92,0.96,0.90,0.92,330889
2-Dec-08,0.98,0.98,0.81,0.87,218621
3-Dec-08,0.89,0.89,0.81,0.83,264134
4-Dec-08,0.84,0.88,0.71,0.78,412809
5-Dec-08,0.78,0.79,0.75,0.76,217813
8-Dec-08,0.80,0.99,0.78,0.79,487903
9-Dec-08,0.81,0.82,0.77,0.77,164684
10-Dec-08,0.81,0.82,0.78,0.79,394112
11-Dec-08,0.82,0.84,0.80,0.81,325288
12-Dec-08,0.86,0.86,0.76,0.77,487566
15-Dec-08,0.80,0.87,0.79,0.79,433590
16-Dec-08,0.84,0.86,0.79,0.86,503717
17-Dec-08,0.90,1.13,0.88,1.02,1194118
18-Dec-08,1.00,1.04,0.91,0.92,484491
19-Dec-08,0.90,0.93,0.79,0.85,318980
22-Dec-08,0.86,0.94,0.86,0.89,280527
23-Dec-08,0.85,0.91,0.85,0.85,224333
24-Dec-08,0.85,0.91,0.80,0.87,272853
26-Dec-08,0.91,0.97,0.89,0.91,296361
29-Dec-08,1.00,1.04,0.92,0.95,480992
30-Dec-08,0.98,0.98,0.90,0.97,421132
31-Dec-08,0.93,0.95,0.90,0.91,368293
2-Jan-09,0.93,0.95,0.91,0.92,266003
5-Jan-09,0.96,0.96,0.90,0.92,258366
6-Jan-09,0.91,0.98,0.91,0.97,430509
7-Jan-09,0.97,0.99,0.91,0.91,284345
8-Jan-09,0.93,0.96,0.93,0.95,157219
9-Jan-09,0.95,1.03,0.93,1.03,417357
12-Jan-09,1.00,1.00,0.95,0.99,363051
13-Jan-09,1.00,1.04,0.95,0.97,224023
14-Jan-09,0.97,1.00,0.93,0.93,304459
15-Jan-09,0.93,0.99,0.93,0.98,245622
16-Jan-09,0.99,1.14,0.99,1.13,463064
20-Jan-09,1.13,1.19,1.13,1.13,377219
21-Jan-09,1.19,1.19,0.97,1.07,322872
22-Jan-09,1.14,1.19,1.05,1.14,274474
23-Jan-09,1.17,1.38,1.17,1.25,945627
26-Jan-09,1.44,1.46,1.25,1.46,888971
27-Jan-09,1.43,1.54,1.36,1.51,911017
28-Jan-09,1.58,1.60,1.45,1.55,933487
29-Jan-09,1.54,1.88,1.54,1.84,1139666
30-Jan-09,1.94,2.00,1.71,1.98,1683400
2-Feb-09,1.95,1.99,1.75,1.78,926636
3-Feb-09,1.85,1.89,1.75,1.79,531780
4-Feb-09,1.76,1.94,1.76,1.84,581448
5-Feb-09,1.95,1.99,1.86,1.88,482378
6-Feb-09,1.81,1.92,1.80,1.89,467624
9-Feb-09,1.82,1.93,1.75,1.80,528659
10-Feb-09,1.90,1.91,1.63,1.82,867837
11-Feb-09,1.83,2.05,1.83,2.01,1209400
12-Feb-09,2.03,2.04,1.84,1.95,687436
13-Feb-09,1.98,2.35,1.87,2.16,950731
17-Feb-09,2.53,2.67,2.36,2.46,1966190
18-Feb-09,2.53,2.73,2.50,2.72,1363052
19-Feb-09,2.81,2.99,1.95,2.38,3813326
20-Feb-09,2.68,2.69,2.25,2.40,2061213
23-Feb-09,2.37,2.50,2.00,2.30,1277290
24-Feb-09,2.19,2.28,1.86,1.89,2155117
25-Feb-09,1.95,2.20,1.90,1.99,1414817
26-Feb-09,1.90,2.11,1.88,2.06,1030104
27-Feb-09,2.06,2.22,2.03,2.13,849132
2-Mar-09,2.19,2.35,1.90,2.01,846480
3-Mar-09,2.07,2.07,1.86,1.96,694027
4-Mar-09,2.05,2.05,1.87,1.90,629662
5-Mar-09,1.88,2.12,1.88,2.05,795102
6-Mar-09,2.15,2.18,1.89,2.03,623102
9-Mar-09,2.07,2.07,1.91,1.91,357263
10-Mar-09,1.90,1.95,1.65,1.73,1174995
11-Mar-09,1.80,1.91,1.69,1.89,690079
12-Mar-09,1.96,2.00,1.86,1.97,392534
13-Mar-09,1.95,2.03,1.87,1.87,283099
16-Mar-09,1.85,1.89,1.73,1.76,439542
17-Mar-09,1.73,1.75,1.65,1.74,396350
18-Mar-09,1.65,2.00,1.63,2.00,1104177
19-Mar-09,2.10,2.39,2.08,2.30,1551219
20-Mar-09,2.40,2.43,2.25,2.34,825814
23-Mar-09,2.39,2.39,2.14,2.25,695881
24-Mar-09,2.21,2.23,2.06,2.14,496889
25-Mar-09,2.11,2.30,2.11,2.27,515326
26-Mar-09,2.42,2.42,2.25,2.35,503858
27-Mar-09,2.34,2.34,2.22,2.28,351828
30-Mar-09,2.19,2.28,1.96,2.08,703552
31-Mar-09,2.03,2.19,2.02,2.04,388908
1-Apr-09,2.10,2.30,2.07,2.26,769499
2-Apr-09,2.08,2.22,2.08,2.14,656855
3-Apr-09,2.14,2.19,1.99,2.01,840512
6-Apr-09,2.06,2.06,1.83,1.99,656299
7-Apr-09,1.96,2.09,1.96,2.00,317090
8-Apr-09,2.00,2.05,1.90,2.01,295956
9-Apr-09,2.01,2.09,1.96,2.09,369729
13-Apr-09,2.02,2.17,2.02,2.10,629742
14-Apr-09,2.10,2.12,2.00,2.03,296625
15-Apr-09,2.05,2.11,2.03,2.10,308455
16-Apr-09,2.10,2.13,2.02,2.05,434201
17-Apr-09,1.98,2.08,1.93,1.95,715076
20-Apr-09,1.99,2.08,1.92,1.96,664782
21-Apr-09,1.98,2.03,1.90,1.93,422551
22-Apr-09,1.93,2.02,1.88,1.98,192262
23-Apr-09,2.00,2.08,1.98,2.01,369331
24-Apr-09,2.10,2.16,2.06,2.15,401435
27-Apr-09,2.03,2.24,2.01,2.11,439739
28-Apr-09,2.01,2.12,2.00,2.09,348376
29-Apr-09,2.09,2.09,1.99,2.02,432694
30-Apr-09,2.00,2.01,1.94,1.99,439791
1-May-09,1.99,2.02,1.97,2.00,277785
4-May-09,2.01,2.08,2.00,2.06,405368
5-May-09,2.07,2.12,1.96,2.08,441774
6-May-09,2.05,2.09,2.00,2.09,335630
7-May-09,2.00,2.27,2.00,2.24,909654
8-May-09,2.16,2.28,2.15,2.19,473484
11-May-09,2.12,2.18,2.06,2.09,349797
12-May-09,2.50,2.40,2.09,2.17,1939408
13-May-09,2.06,2.12,1.88,1.94,3985017
14-May-09,1.88,2.02,1.88,2.00,1442443
15-May-09,1.99,2.02,1.92,1.98,604002
18-May-09,1.92,2.01,1.90,1.99,605014
19-May-09,2.02,2.03,1.98,2.00,801196
20-May-09,2.02,2.21,2.01,2.20,1553355
21-May-09,2.20,2.20,2.00,2.17,1413049
22-May-09,2.19,2.20,2.03,2.12,1088909
26-May-09,2.01,2.14,2.01,2.10,654879
27-May-09,2.10,2.13,2.05,2.06,563470
28-May-09,2.07,2.23,2.07,2.20,1544073
29-May-09,2.26,2.32,2.16,2.26,1280733
1-Jun-09,2.33,2.48,2.26,2.42,2711598
2-Jun-09,2.49,2.75,2.28,2.68,3263116
3-Jun-09,2.66,2.66,2.34,2.48,1862216
4-Jun-09,2.54,2.65,2.40,2.65,1167426
5-Jun-09,2.50,2.55,2.33,2.44,1134179
8-Jun-09,2.36,2.46,2.22,2.46,784048
9-Jun-09,2.49,2.50,2.40,2.48,370984
10-Jun-09,2.55,2.56,2.45,2.51,479373
11-Jun-09,2.51,2.73,2.47,2.67,1282152
12-Jun-09,2.61,2.61,2.46,2.59,710105
15-Jun-09,2.59,2.59,2.26,2.36,1161162
16-Jun-09,2.38,2.45,2.26,2.34,689669
17-Jun-09,2.29,2.40,2.25,2.32,720334
18-Jun-09,2.39,2.39,2.17,2.19,934488
19-Jun-09,2.17,2.39,2.17,2.39,1157000
22-Jun-09,2.35,2.35,2.07,2.16,1337370
23-Jun-09,2.12,2.23,1.99,2.14,1063343
24-Jun-09,2.26,2.38,2.16,2.26,1035209
25-Jun-09,2.26,2.39,2.26,2.37,1180956
26-Jun-09,2.41,2.62,2.37,2.62,11557277
29-Jun-09,2.57,2.62,2.46,2.47,1642146
30-Jun-09,2.51,2.64,2.37,2.64,1330439
1-Jul-09,2.63,2.80,2.62,2.77,1812436
2-Jul-09,2.72,2.80,2.55,2.62,1047286
6-Jul-09,2.62,2.70,2.43,2.64,967953
7-Jul-09,2.64,2.88,2.55,2.74,1689708
8-Jul-09,2.74,2.82,2.30,2.49,1559455
9-Jul-09,2.52,2.64,2.47,2.47,835913
10-Jul-09,2.46,2.53,2.41,2.49,471221
13-Jul-09,2.49,2.60,2.35,2.60,644153
14-Jul-09,2.60,2.78,2.60,2.64,640370
15-Jul-09,2.69,2.78,2.69,2.72,838704
16-Jul-09,2.66,2.75,2.65,2.73,408389
17-Jul-09,2.71,2.79,2.66,2.74,854827
20-Jul-09,2.82,3.05,2.82,3.04,2527303
21-Jul-09,3.14,3.14,2.83,3.01,1366097
22-Jul-09,3.00,3.12,2.90,3.08,1096738
23-Jul-09,3.10,3.14,3.04,3.10,1008639
24-Jul-09,3.06,3.15,2.99,3.00,591044
27-Jul-09,3.13,3.13,2.90,2.97,654872
28-Jul-09,2.85,2.94,2.76,2.89,919563
29-Jul-09,2.89,2.89,2.77,2.82,476553
30-Jul-09,2.84,2.93,2.80,2.82,508056
31-Jul-09,2.77,3.06,2.77,2.96,723440
3-Aug-09,3.11,3.14,3.00,3.04,563908
4-Aug-09,3.05,3.18,3.01,3.06,1009143
5-Aug-09,3.00,3.15,2.98,3.15,741380
6-Aug-09,3.15,3.21,3.00,3.01,611942
7-Aug-09,3.00,3.14,2.93,2.93,601262
10-Aug-09,2.90,2.99,2.80,2.95,610929
11-Aug-09,2.94,2.97,2.81,2.85,440010
12-Aug-09,2.82,3.00,2.81,2.94,519158
13-Aug-09,2.96,3.06,2.96,2.99,573051
14-Aug-09,3.00,3.04,2.85,2.89,513844
17-Aug-09,2.70,2.78,2.60,2.69,857431
18-Aug-09,2.69,2.80,2.69,2.78,488296
19-Aug-09,2.75,2.92,2.75,2.89,482734
20-Aug-09,2.81,2.90,2.75,2.86,405897
21-Aug-09,2.90,2.96,2.88,2.92,782638
24-Aug-09,2.95,2.99,2.78,2.80,569625
25-Aug-09,2.81,2.90,2.81,2.85,557385
26-Aug-09,2.85,2.88,2.75,2.85,408739
27-Aug-09,2.80,3.00,2.80,2.98,689889
28-Aug-09,2.95,3.07,2.90,2.90,792416
31-Aug-09,2.94,2.94,2.79,2.79,872606
1-Sep-09,2.79,2.81,2.62,2.64,1071579
2-Sep-09,2.87,2.95,2.66,2.95,1322996
3-Sep-09,3.05,3.12,2.90,3.07,1820798
4-Sep-09,3.00,3.44,3.00,3.29,2361339
8-Sep-09,3.45,3.53,3.24,3.27,1732612
9-Sep-09,3.32,3.33,3.14,3.18,957753
10-Sep-09,3.13,3.29,3.13,3.25,934548
11-Sep-09,3.34,3.38,3.26,3.26,908855
14-Sep-09,3.20,3.28,3.12,3.28,635896
15-Sep-09,3.30,3.46,3.24,3.37,1048990
16-Sep-09,3.49,3.50,3.29,3.34,1407416
17-Sep-09,3.25,3.40,3.12,3.20,1841165
18-Sep-09,3.17,3.25,3.05,3.23,2700803
21-Sep-09,3.10,3.15,2.93,3.04,1434623
22-Sep-09,3.21,3.21,3.04,3.09,959649
23-Sep-09,3.10,3.10,2.91,2.91,1112724
24-Sep-09,3.00,3.00,2.75,2.82,1564776
25-Sep-09,2.80,2.83,2.65,2.79,1403175
28-Sep-09,2.82,2.88,2.75,2.76,914125
29-Sep-09,2.89,2.89,2.77,2.84,811412
30-Sep-09,2.95,2.95,2.85,2.89,1292473
1-Oct-09,2.88,2.90,2.67,2.75,1314438
2-Oct-09,2.66,2.75,2.62,2.66,1187273
5-Oct-09,2.67,2.76,2.66,2.73,1151459
6-Oct-09,2.93,3.01,2.81,2.89,2362163
7-Oct-09,2.89,2.99,2.89,2.95,840175
8-Oct-09,3.00,3.08,2.89,3.02,1504587
9-Oct-09,3.01,3.24,2.97,3.17,2030630
12-Oct-09,3.20,3.24,3.12,3.14,673386
13-Oct-09,3.30,3.47,3.25,3.47,3183344
14-Oct-09,3.52,3.52,3.40,3.44,1388341
15-Oct-09,3.35,3.35,3.23,3.32,1258021
16-Oct-09,3.26,3.33,3.22,3.27,650089
19-Oct-09,3.22,3.37,3.21,3.37,597497
20-Oct-09,3.29,3.37,3.09,3.09,1270259
21-Oct-09,3.24,3.26,3.05,3.05,1351359
22-Oct-09,3.03,3.08,2.95,3.00,1276182
23-Oct-09,3.03,3.13,2.90,2.90,786845
26-Oct-09,2.91,2.96,2.68,2.69,1504096
27-Oct-09,2.67,2.87,2.63,2.71,1079677
28-Oct-09,2.63,2.74,2.54,2.56,1332819
29-Oct-09,2.69,2.88,2.65,2.82,950078
30-Oct-09,2.80,2.81,2.65,2.70,1027874
2-Nov-09,2.73,2.82,2.58,2.67,815794
3-Nov-09,2.67,2.98,2.65,2.97,1657368
4-Nov-09,3.10,3.17,2.84,2.88,1282566
5-Nov-09,2.90,3.00,2.81,2.97,987340
6-Nov-09,3.05,3.05,2.82,2.93,893629
9-Nov-09,3.01,3.04,2.83,2.85,1526727
10-Nov-09,2.75,2.90,2.73,2.77,822340
11-Nov-09,2.79,2.91,2.71,2.78,990924
12-Nov-09,2.80,2.83,2.68,2.71,979551
13-Nov-09,2.72,2.80,2.70,2.78,638420
16-Nov-09,2.88,2.92,2.80,2.92,1206526
17-Nov-09,2.81,2.95,2.81,2.93,1118404
18-Nov-09,2.95,3.09,2.91,2.97,1575956
19-Nov-09,2.98,3.05,2.76,2.90,999569
20-Nov-09,2.92,2.92,2.80,2.89,859805
23-Nov-09,2.95,3.04,2.85,2.89,1306349
24-Nov-09,2.89,2.94,2.82,2.87,590993
25-Nov-09,2.88,2.99,2.88,2.98,933618
27-Nov-09,2.76,2.91,2.76,2.81,753146
30-Nov-09,2.82,2.88,2.81,2.84,906842
1-Dec-09,2.88,2.91,2.81,2.90,2204941
2-Dec-09,2.95,3.10,2.90,3.09,2198489
3-Dec-09,3.10,3.10,2.94,2.95,1463322
4-Dec-09,2.91,2.94,2.73,2.81,1588146
7-Dec-09,2.73,2.80,2.65,2.70,1282093
8-Dec-09,2.73,2.74,2.63,2.63,864629
9-Dec-09,2.65,2.80,2.63,2.75,854091
10-Dec-09,2.75,2.79,2.65,2.66,743946
11-Dec-09,2.66,2.69,2.55,2.58,1216953
14-Dec-09,2.54,2.71,2.47,2.51,1414930
15-Dec-09,2.50,2.56,2.44,2.44,1025434
16-Dec-09,2.49,2.51,2.44,2.46,646067
17-Dec-09,2.42,2.46,2.24,2.25,1491028
18-Dec-09,2.17,2.36,2.17,2.31,1590514
21-Dec-09,2.35,2.44,2.26,2.26,1101178
22-Dec-09,2.26,2.30,2.22,2.30,863895
23-Dec-09,2.29,2.59,2.29,2.56,1176975
24-Dec-09,2.60,2.61,2.51,2.57,357524
28-Dec-09,2.54,2.60,2.42,2.49,517479
29-Dec-09,2.52,2.53,2.40,2.41,432511
30-Dec-09,2.35,2.45,2.30,2.41,499792
31-Dec-09,2.45,2.49,2.41,2.48,618914
4-Jan-10,2.60,2.62,2.55,2.59,770183
5-Jan-10,2.64,2.65,2.51,2.55,655575
6-Jan-10,2.58,2.64,2.54,2.57,776321
7-Jan-10,2.59,2.59,2.48,2.55,626561
8-Jan-10,2.61,2.64,2.55,2.63,676143
11-Jan-10,2.66,2.73,2.64,2.66,742037
12-Jan-10,2.69,2.71,2.54,2.57,738413
13-Jan-10,2.63,2.63,2.55,2.59,629026
14-Jan-10,2.60,2.66,2.56,2.63,526702
15-Jan-10,2.67,2.69,2.52,2.55,983194
19-Jan-10,2.52,2.61,2.52,2.59,634197
20-Jan-10,2.58,2.58,2.43,2.48,1050970
21-Jan-10,2.49,2.52,2.33,2.35,987676
22-Jan-10,2.32,2.43,2.31,2.37,735842
25-Jan-10,2.38,2.44,2.33,2.37,407370
26-Jan-10,2.32,2.41,2.31,2.33,668398
27-Jan-10,2.32,2.35,2.26,2.30,617832
28-Jan-10,2.40,2.40,2.27,2.32,659638
29-Jan-10,2.32,2.37,2.21,2.23,843088
1-Feb-10,2.34,2.45,2.25,2.41,1060680
2-Feb-10,2.41,2.46,2.35,2.35,565762
3-Feb-10,2.35,2.36,2.27,2.28,611321
4-Feb-10,2.28,2.28,2.11,2.13,980287
5-Feb-10,2.13,2.24,2.02,2.21,1170385
8-Feb-10,2.20,2.24,2.15,2.17,583479
9-Feb-10,2.19,2.32,2.19,2.27,873905
10-Feb-10,2.21,2.30,2.21,2.29,632626
11-Feb-10,2.40,2.46,2.32,2.45,1093722
12-Feb-10,2.32,2.50,2.16,2.48,705698
16-Feb-10,2.53,2.62,2.52,2.57,770360
17-Feb-10,2.52,2.61,2.45,2.51,661569
18-Feb-10,2.55,2.62,2.50,2.62,753452
19-Feb-10,2.61,2.67,2.54,2.66,844591
22-Feb-10,2.77,2.77,2.60,2.66,670554
23-Feb-10,2.69,2.69,2.59,2.61,802751
24-Feb-10,2.61,2.62,2.56,2.58,428784
25-Feb-10,2.57,2.73,2.48,2.73,698046
26-Feb-10,2.76,2.76,2.65,2.69,705302
1-Mar-10,2.73,2.79,2.71,2.76,499321
2-Mar-10,2.81,2.83,2.76,2.81,789597
3-Mar-10,2.85,2.85,2.80,2.81,556443
4-Mar-10,2.71,2.79,2.62,2.75,617117
5-Mar-10,2.74,2.80,2.70,2.76,670119
8-Mar-10,2.74,2.90,2.70,2.89,919523
9-Mar-10,2.88,2.96,2.83,2.94,1276934
10-Mar-10,2.98,2.98,2.85,2.86,704307
11-Mar-10,2.88,2.93,2.76,2.91,654625
12-Mar-10,2.97,2.97,2.82,2.88,637178
15-Mar-10,2.95,2.95,2.86,2.86,495594
16-Mar-10,2.88,2.93,2.87,2.89,495237
17-Mar-10,2.90,2.90,2.87,2.88,407618
18-Mar-10,2.89,2.90,2.81,2.83,480292
19-Mar-10,2.91,2.91,2.72,2.73,1012603
22-Mar-10,2.70,2.78,2.61,2.78,456628
23-Mar-10,2.60,2.79,2.60,2.76,582163
24-Mar-10,2.73,2.85,2.67,2.72,455625
25-Mar-10,2.74,2.75,2.59,2.59,463793
26-Mar-10,2.64,2.69,2.61,2.67,439271
29-Mar-10,2.70,2.82,2.66,2.74,295547
30-Mar-10,2.73,2.76,2.71,2.72,275138
31-Mar-10,2.71,2.76,2.69,2.70,416431
1-Apr-10,2.73,2.95,2.72,2.83,984524
5-Apr-10,2.88,2.95,2.87,2.90,725276
6-Apr-10,2.85,3.02,2.85,2.96,1419679
7-Apr-10,2.99,3.15,2.96,3.12,1573526
8-Apr-10,3.15,3.17,3.07,3.12,899896
9-Apr-10,3.11,3.18,3.10,3.14,613453
12-Apr-10,3.17,3.25,3.08,3.08,1097164
13-Apr-10,3.13,3.20,3.05,3.11,822874
14-Apr-10,3.18,3.26,3.14,3.25,930954
15-Apr-10,3.23,3.25,3.18,3.21,536559
16-Apr-10,3.19,3.19,3.05,3.08,1154269
19-Apr-10,3.04,3.11,2.99,3.02,1955460
20-Apr-10,3.03,3.15,3.03,3.07,801440
21-Apr-10,3.05,3.15,3.05,3.11,560336
22-Apr-10,3.06,3.12,3.05,3.12,444437
23-Apr-10,3.15,3.20,3.06,3.20,581559
26-Apr-10,3.24,3.29,3.17,3.19,802474
27-Apr-10,3.16,3.23,3.14,3.18,998131
28-Apr-10,3.23,3.30,3.15,3.28,1149740
29-Apr-10,3.30,3.38,3.27,3.37,916841
30-Apr-10,3.39,3.50,3.34,3.41,1107245
3-May-10,3.45,3.65,3.44,3.63,1180057
4-May-10,3.63,3.67,3.34,3.47,1854818
5-May-10,3.36,3.60,3.31,3.53,1214593
6-May-10,3.55,3.65,3.40,3.51,1422553
7-May-10,3.42,3.55,3.26,3.27,1471768
10-May-10,3.39,3.68,3.31,3.65,1165232
11-May-10,3.74,3.98,3.71,3.97,2442348
12-May-10,4.01,4.31,3.97,4.17,3069142
13-May-10,4.19,4.26,3.91,3.97,1506784
14-May-10,4.22,4.22,3.81,4.12,1638969
17-May-10,4.15,4.15,4.01,4.05,1044127
18-May-10,4.05,4.19,3.98,3.98,1449446
19-May-10,3.91,3.98,3.52,3.74,2526051
20-May-10,3.66,3.75,3.52,3.54,1636033
21-May-10,3.45,3.63,3.26,3.50,1653259
24-May-10,3.60,3.76,3.58,3.62,853803
25-May-10,3.44,3.89,3.42,3.87,1983755
26-May-10,4.00,4.17,3.95,3.96,2268564
27-May-10,4.04,4.08,3.92,3.98,1389304
28-May-10,4.00,4.07,3.92,3.95,688551
1-Jun-10,3.96,4.06,3.86,3.86,1296833
2-Jun-10,3.86,4.03,3.80,4.03,703574
3-Jun-10,4.04,4.05,3.89,3.99,888014
4-Jun-10,3.91,3.95,3.73,3.76,1820742
7-Jun-10,3.67,3.99,3.67,3.91,1274111
8-Jun-10,3.99,4.12,3.94,4.03,1291664
9-Jun-10,4.04,4.14,3.85,3.87,956395
10-Jun-10,3.89,4.04,3.84,4.01,1011027
11-Jun-10,4.04,4.21,4.03,4.21,1414938
14-Jun-10,4.25,4.35,4.17,4.25,1675754
15-Jun-10,4.22,4.47,4.22,4.47,1350126
16-Jun-10,4.44,4.50,4.39,4.41,1170253
17-Jun-10,4.50,4.75,4.49,4.69,2025930
18-Jun-10,4.80,4.90,4.70,4.82,3179131
21-Jun-10,4.82,4.90,4.52,4.53,1961259
22-Jun-10,4.53,4.87,4.53,4.67,1811241
23-Jun-10,4.67,4.85,4.54,4.85,1139229
24-Jun-10,4.87,5.15,4.84,5.09,2343322
25-Jun-10,5.17,5.35,5.11,5.28,4676072
28-Jun-10,5.27,5.44,5.10,5.19,2202000
29-Jun-10,5.23,5.23,4.85,4.96,2153119
30-Jun-10,4.91,5.15,4.91,5.01,1181726
1-Jul-10,5.00,5.01,4.60,4.80,1816568
2-Jul-10,4.88,4.92,4.60,4.63,1339065
6-Jul-10,4.65,4.76,4.37,4.48,2238220
7-Jul-10,4.43,4.78,4.28,4.76,1246875
8-Jul-10,4.79,4.90,4.59,4.79,1484146
9-Jul-10,4.90,4.96,4.83,4.90,1055211
12-Jul-10,4.89,4.92,4.62,4.65,1205701
13-Jul-10,4.73,4.88,4.69,4.77,982127
14-Jul-10,4.79,4.83,4.65,4.74,632826
15-Jul-10,4.70,4.83,4.65,4.79,829601
16-Jul-10,4.66,4.70,4.55,4.55,919883
19-Jul-10,4.54,4.54,4.25,4.35,1352485
20-Jul-10,4.35,4.60,4.25,4.59,813689
21-Jul-10,4.61,4.72,4.45,4.45,768470
22-Jul-10,4.54,4.70,4.51,4.66,964903
23-Jul-10,4.70,4.82,4.51,4.80,849356
26-Jul-10,4.81,4.83,4.75,4.76,579011
27-Jul-10,4.75,4.76,4.43,4.59,1373651
28-Jul-10,4.62,4.67,4.49,4.60,719740
29-Jul-10,4.55,4.76,4.43,4.73,934443
30-Jul-10,4.77,4.98,4.69,4.95,1362943
2-Aug-10,5.07,5.08,4.85,4.88,1190340
3-Aug-10,4.90,5.05,4.90,5.04,767162
4-Aug-10,5.10,5.15,4.98,5.09,980299
5-Aug-10,5.10,5.14,4.85,4.99,656729
6-Aug-10,4.96,5.04,4.87,4.93,1081483
9-Aug-10,5.02,5.02,4.89,4.90,633636
10-Aug-10,4.88,4.97,4.75,4.87,867402
11-Aug-10,4.76,4.84,4.66,4.66,1001500
12-Aug-10,4.72,4.84,4.70,4.78,519885
13-Aug-10,4.77,4.84,4.66,4.66,1041290
16-Aug-10,4.71,4.82,4.71,4.82,672120
17-Aug-10,4.87,4.97,4.82,4.96,804316
18-Aug-10,4.96,5.14,4.88,5.12,1365820
19-Aug-10,5.19,5.20,4.91,4.99,1242205
20-Aug-10,4.88,4.96,4.78,4.91,704510
23-Aug-10,4.93,4.97,4.82,4.83,546407
24-Aug-10,4.66,4.93,4.66,4.75,667922
25-Aug-10,4.90,4.91,4.75,4.86,888036
26-Aug-10,4.89,4.99,4.85,4.86,720358
27-Aug-10,4.94,5.10,4.88,5.10,1054209
30-Aug-10,5.08,5.11,4.94,4.94,680745
31-Aug-10,5.01,5.22,4.97,5.17,1772088
1-Sep-10,5.25,5.29,5.13,5.27,1077646
2-Sep-10,5.30,5.33,5.17,5.20,1152230
3-Sep-10,5.18,5.18,5.00,5.08,1294118
7-Sep-10,5.09,5.22,5.05,5.17,984589
8-Sep-10,5.17,5.28,5.00,5.00,1106230
9-Sep-10,5.09,5.09,4.88,4.89,980522
10-Sep-10,4.92,5.09,4.90,5.09,841028
13-Sep-10,5.18,5.18,5.06,5.08,877692
14-Sep-10,5.15,5.26,5.12,5.26,1457668
15-Sep-10,5.23,5.28,5.16,5.17,863470
16-Sep-10,5.29,5.44,5.20,5.39,2642622
17-Sep-10,5.49,5.52,5.25,5.25,2394223
20-Sep-10,5.35,5.42,5.18,5.39,1358408
21-Sep-10,5.31,5.34,5.09,5.27,2034603
22-Sep-10,5.42,5.42,5.08,5.19,1994789
23-Sep-10,5.13,5.20,4.95,4.98,1518379
24-Sep-10,5.09,5.11,4.96,4.99,1273457
27-Sep-10,5.01,5.08,4.92,4.94,1162424
28-Sep-10,5.00,5.11,4.65,5.10,2053393
29-Sep-10,5.10,5.19,5.05,5.13,905859
30-Sep-10,5.17,5.17,4.94,4.97,1362143
1-Oct-10,5.05,5.10,4.92,4.98,865029
4-Oct-10,4.94,5.00,4.78,4.93,1351649
5-Oct-10,5.07,5.19,5.01,5.17,1707497
6-Oct-10,5.17,5.27,5.13,5.22,1295298
7-Oct-10,5.30,5.30,5.00,5.05,1290578
8-Oct-10,5.12,5.19,5.06,5.12,788436
11-Oct-10,5.15,5.20,5.05,5.20,733503
12-Oct-10,5.17,5.25,5.11,5.18,887716
13-Oct-10,5.23,5.36,5.22,5.35,1390459
14-Oct-10,5.42,5.43,5.25,5.36,1160233
15-Oct-10,5.45,5.47,5.22,5.45,1459156
18-Oct-10,5.26,5.40,5.25,5.35,829272
19-Oct-10,4.94,5.30,4.93,4.95,1839032
20-Oct-10,5.00,5.07,4.96,5.01,968875
21-Oct-10,5.04,5.06,4.72,4.80,1598330
22-Oct-10,4.89,4.93,4.74,4.93,1137126
25-Oct-10,5.02,5.10,4.95,5.02,867213
26-Oct-10,4.97,5.10,4.89,5.05,865455
27-Oct-10,5.07,5.10,4.94,5.03,819147
28-Oct-10,5.13,5.26,5.06,5.22,1337566
29-Oct-10,5.27,5.35,5.21,5.23,1096099
1-Nov-10,5.28,5.35,5.15,5.26,1230117
2-Nov-10,5.33,5.36,5.25,5.35,744134
3-Nov-10,5.30,5.37,5.13,5.26,987715
4-Nov-10,5.37,5.79,5.36,5.77,2094666
5-Nov-10,5.76,6.00,5.70,5.99,1776184
8-Nov-10,6.05,6.42,6.00,6.32,1820070
9-Nov-10,6.45,6.48,5.56,5.65,2911663
10-Nov-10,5.66,5.90,5.51,5.85,1476444
11-Nov-10,5.86,5.99,5.81,5.96,1257979
12-Nov-10,5.86,5.87,5.58,5.62,1366770
15-Nov-10,5.72,5.76,5.59,5.59,787735
16-Nov-10,5.52,5.58,5.16,5.35,1809689
17-Nov-10,5.40,5.55,5.30,5.43,815800
18-Nov-10,5.56,5.73,5.53,5.60,1176713
19-Nov-10,5.56,5.62,5.41,5.62,728529
22-Nov-10,5.57,5.73,5.50,5.69,911136
23-Nov-10,5.62,5.87,5.59,5.73,981187
24-Nov-10,5.84,5.84,5.69,5.83,724765
26-Nov-10,5.62,5.79,5.58,5.66,583794
29-Nov-10,5.67,6.07,5.55,5.99,2004368
30-Nov-10,6.10,6.79,6.08,6.56,6143507
1-Dec-10,6.73,7.00,6.63,6.96,3030212
2-Dec-10,6.99,7.11,6.73,6.82,2424424
3-Dec-10,6.90,7.16,6.90,7.16,1829067
6-Dec-10,7.18,7.77,7.18,7.54,2965481
7-Dec-10,7.79,7.87,7.30,7.33,2024108
8-Dec-10,7.29,7.44,6.93,7.22,2126171
9-Dec-10,7.28,7.70,7.26,7.56,1616629
10-Dec-10,7.53,7.61,7.36,7.51,1235691
13-Dec-10,7.71,7.74,7.41,7.42,1430075
14-Dec-10,7.46,7.53,7.24,7.30,1435812
15-Dec-10,7.27,7.49,7.13,7.18,1291805
16-Dec-10,7.11,7.17,6.89,7.15,1212539
17-Dec-10,7.11,7.39,7.07,7.27,1711316
20-Dec-10,7.39,7.49,7.18,7.37,938592
21-Dec-10,7.38,7.58,7.24,7.58,1018909
22-Dec-10,7.60,7.64,7.33,7.34,842087
23-Dec-10,7.30,7.49,7.19,7.32,833100
27-Dec-10,7.32,7.45,7.21,7.29,526605
28-Dec-10,7.46,7.96,7.38,7.96,1409533
29-Dec-10,7.99,8.11,7.82,7.94,1499157
30-Dec-10,7.96,8.04,7.79,7.87,805962
31-Dec-10,7.94,8.17,7.88,8.07,1187131
3-Jan-11,8.25,8.32,7.93,7.94,1686220
4-Jan-11,8.00,8.03,7.17,7.65,3139907
5-Jan-11,7.54,7.63,7.25,7.43,1861456
6-Jan-11,7.42,7.42,6.96,7.01,2029280
7-Jan-11,6.98,7.22,6.79,7.01,1475708
10-Jan-11,6.98,7.29,6.97,7.24,1476166
11-Jan-11,7.54,7.73,7.44,7.68,1900926
12-Jan-11,7.73,7.85,7.51,7.59,1270689
13-Jan-11,7.69,7.69,7.14,7.23,1459748
14-Jan-11,7.11,7.32,7.01,7.25,1529324
18-Jan-11,7.36,7.43,7.21,7.29,1041654
19-Jan-11,7.39,7.40,6.85,6.89,1674403
20-Jan-11,6.68,6.72,6.35,6.42,2216978
21-Jan-11,6.41,6.61,6.21,6.24,1325703
24-Jan-11,6.31,6.52,6.24,6.31,1077592
25-Jan-11,6.20,6.22,5.81,6.06,2649401
26-Jan-11,6.07,6.62,6.06,6.56,1607643
27-Jan-11,6.55,6.60,6.25,6.35,1286777
28-Jan-11,6.31,6.74,6.30,6.57,1623963
31-Jan-11,6.51,6.66,6.40,6.40,1307731
1-Feb-11,6.50,6.65,6.36,6.62,1447231
2-Feb-11,6.59,6.70,6.42,6.57,960267
3-Feb-11,6.59,7.19,6.46,7.18,1863362
4-Feb-11,7.20,7.24,6.90,6.92,1268040
7-Feb-11,6.99,7.26,6.91,7.11,1302262
8-Feb-11,7.28,7.69,7.23,7.65,2323522
9-Feb-11,7.66,7.73,7.15,7.19,1918683
10-Feb-11,7.15,7.33,6.94,7.26,1186710
11-Feb-11,7.29,7.48,7.10,7.23,999478
14-Feb-11,7.23,7.40,7.21,7.29,809699
15-Feb-11,7.28,7.49,7.01,7.11,1935445
16-Feb-11,7.11,7.12,6.90,6.99,1666091
17-Feb-11,6.99,7.10,6.75,6.85,2571248
18-Feb-11,6.88,7.41,6.85,7.40,7483842
22-Feb-11,7.60,7.64,7.07,7.10,2706204
23-Feb-11,7.22,7.34,7.06,7.07,2034689
24-Feb-11,7.15,7.16,6.94,7.14,2210542
25-Feb-11,7.14,7.35,7.07,7.22,1917861
28-Feb-11,7.36,7.45,7.14,7.26,2045907
1-Mar-11,7.38,8.00,7.30,7.96,4478897
2-Mar-11,8.02,8.19,7.85,8.01,3042300
3-Mar-11,7.92,7.96,7.59,7.85,2117559
4-Mar-11,7.88,8.16,7.84,8.06,2398701
7-Mar-11,8.24,8.41,7.86,8.13,3083148
8-Mar-11,8.11,8.12,7.75,7.94,2088478
9-Mar-11,8.09,8.09,7.71,7.77,1425068
10-Mar-11,7.54,7.54,7.09,7.24,2904918
11-Mar-11,7.15,7.49,7.11,7.46,1809750
14-Mar-11,7.84,7.84,7.14,7.51,2223130
15-Mar-11,6.93,7.15,6.81,7.10,2994324
16-Mar-11,7.24,7.35,6.84,6.95,2258988
17-Mar-11,7.00,7.22,6.94,7.13,2014004
18-Mar-11,7.27,7.51,7.15,7.49,11944179
21-Mar-11,7.62,7.68,7.46,7.63,2109170
22-Mar-11,7.65,7.78,7.56,7.75,1875763
23-Mar-11,7.86,8.64,7.70,8.61,4529953
24-Mar-11,8.76,9.00,8.33,8.54,4771960
25-Mar-11,8.62,8.92,8.44,8.48,2718676
28-Mar-11,8.26,8.50,8.18,8.29,2092976
29-Mar-11,8.29,8.60,8.13,8.57,2301195
30-Mar-11,8.75,8.94,8.49,8.73,2350661
31-Mar-11,8.89,8.90,8.69,8.83,2186896
1-Apr-11,8.75,8.85,8.62,8.75,1504655
4-Apr-11,8.80,8.97,8.80,8.94,1551784
5-Apr-11,8.94,9.63,8.86,9.52,4527550
6-Apr-11,9.66,9.75,9.28,9.39,3296226
7-Apr-11,9.39,9.70,9.30,9.41,2197257
8-Apr-11,9.69,9.87,9.46,9.58,2597459
11-Apr-11,9.57,9.70,8.95,9.06,3031179
12-Apr-11,9.01,9.25,8.54,8.77,3115242
13-Apr-11,8.96,9.24,8.81,9.09,2083403
14-Apr-11,9.11,9.58,9.03,9.45,2116231
15-Apr-11,9.53,9.56,9.27,9.41,1810836
18-Apr-11,9.40,9.43,8.91,9.15,1999929
19-Apr-11,9.22,9.23,8.80,9.16,2169919
20-Apr-11,9.32,9.66,9.29,9.58,2643573
21-Apr-11,9.61,9.63,9.29,9.51,1764586
25-Apr-11,9.59,9.59,9.04,9.11,2203917
26-Apr-11,9.14,9.14,8.80,8.93,1932955
27-Apr-11,8.99,9.46,8.57,9.37,3638467
28-Apr-11,9.36,9.59,9.09,9.11,2931006
29-Apr-11,9.20,9.47,9.05,9.40,2019532
2-May-11,9.23,9.38,8.79,8.88,2766750
3-May-11,8.88,8.88,8.07,8.07,4734403
4-May-11,8.02,8.30,7.82,8.09,4351219
5-May-11,8.00,8.22,7.45,7.53,3655068
6-May-11,7.75,7.99,7.41,7.51,3460287
9-May-11,7.59,7.90,7.52,7.81,2096335
10-May-11,7.83,7.91,7.63,7.77,3783163
11-May-11,7.61,7.69,6.89,7.01,4420454
12-May-11,6.78,7.15,6.75,6.95,3066203
13-May-11,7.00,7.04,6.65,6.68,3569087
16-May-11,6.76,7.11,6.60,6.67,3104385
17-May-11,6.71,6.85,6.51,6.76,2462094
18-May-11,6.79,7.03,6.72,6.78,2094825
19-May-11,6.70,6.77,6.41,6.56,2615111
20-May-11,6.59,6.85,6.33,6.71,2990563
23-May-11,6.60,6.75,6.48,6.50,1686506
24-May-11,6.72,6.93,6.65,6.80,2526131
25-May-11,6.88,7.08,6.75,6.92,2092042
26-May-11,6.92,6.98,6.75,6.88,1676639
27-May-11,7.00,7.03,6.72,6.86,1757031
31-May-11,6.97,7.09,6.81,7.07,2651501
1-Jun-11,7.11,7.31,6.97,7.00,3554130
2-Jun-11,6.99,7.35,6.82,7.00,3227526
3-Jun-11,6.90,6.97,6.69,6.73,2385452
6-Jun-11,6.70,6.90,6.38,6.40,2079198
7-Jun-11,6.41,6.53,6.16,6.19,2188063
8-Jun-11,6.13,6.18,5.57,5.77,3383239
9-Jun-11,5.69,6.08,5.68,5.91,1592475
10-Jun-11,5.88,5.88,5.59,5.74,2061783
13-Jun-11,5.78,5.82,5.41,5.50,2571068
14-Jun-11,5.58,5.87,5.56,5.85,2973506
15-Jun-11,5.76,6.07,5.74,5.86,3210512
16-Jun-11,5.83,5.95,5.31,5.52,3444834
17-Jun-11,5.58,5.75,5.40,5.43,3546018
20-Jun-11,5.39,5.55,5.35,5.47,2048005
21-Jun-11,5.62,5.94,5.45,5.92,2451942
22-Jun-11,5.97,6.32,5.92,5.93,3571534
23-Jun-11,5.72,5.90,5.60,5.88,2911056
24-Jun-11,5.88,5.98,5.53,5.58,3172356
27-Jun-11,5.51,5.60,5.40,5.51,1826832
28-Jun-11,5.57,5.81,5.57,5.75,1925094
29-Jun-11,5.81,6.17,5.79,6.04,2532250
30-Jun-11,6.04,6.18,5.83,6.03,2050457
1-Jul-11,5.90,5.90,5.69,5.78,2546404
5-Jul-11,6.14,6.14,5.94,5.97,2550018
6-Jul-11,6.10,6.26,6.06,6.18,2666463
7-Jul-11,6.25,6.30,6.18,6.21,2034154
8-Jul-11,6.33,6.44,6.02,6.11,2234073
11-Jul-11,6.14,6.20,5.80,5.88,2423434
12-Jul-11,5.83,6.12,5.81,6.04,2460697
13-Jul-11,6.19,6.66,6.13,6.66,4581933
14-Jul-11,6.85,7.06,6.51,6.56,4331192
15-Jul-11,6.60,6.68,6.41,6.67,2421490
18-Jul-11,6.84,7.16,6.72,7.02,4183189
19-Jul-11,7.01,7.18,6.86,7.03,3251997
20-Jul-11,6.88,7.09,6.81,6.97,2876996
21-Jul-11,7.03,7.05,6.82,6.89,2950461
22-Jul-11,7.03,7.05,6.86,6.89,2207728
25-Jul-11,7.04,7.18,6.93,6.93,2690297
26-Jul-11,6.94,7.06,6.82,6.94,1989781
27-Jul-11,7.08,7.10,6.59,6.62,2935619
28-Jul-11,6.54,6.68,6.47,6.54,1984196
29-Jul-11,6.50,6.53,6.24,6.35,3078195
1-Aug-11,6.37,6.66,6.32,6.51,1740660
2-Aug-11,6.57,6.88,6.55,6.71,2914700
3-Aug-11,6.84,6.92,6.55,6.68,2329142
4-Aug-11,6.78,6.78,5.85,5.99,4542655
5-Aug-11,6.10,6.33,5.46,5.74,3573701
8-Aug-11,5.81,6.01,5.40,5.44,7306739
9-Aug-11,5.47,6.26,5.40,6.26,6314615
10-Aug-11,6.12,6.26,5.79,6.02,4669219
11-Aug-11,6.02,6.24,5.85,6.12,3266640
12-Aug-11,6.10,6.22,5.91,6.08,2189796
15-Aug-11,6.05,6.43,6.00,6.42,1882340
16-Aug-11,6.39,6.42,6.12,6.14,2347003
17-Aug-11,6.16,6.26,5.97,6.02,2081729
18-Aug-11,5.95,6.06,5.65,5.74,3008505
19-Aug-11,5.75,6.12,5.68,5.72,2601850
22-Aug-11,5.88,6.09,5.85,5.99,2819904
23-Aug-11,5.94,6.00,5.77,5.86,2415152
24-Aug-11,5.83,5.83,5.43,5.56,2941544
25-Aug-11,5.57,5.80,5.42,5.64,2597101
26-Aug-11,5.64,5.88,5.52,5.83,2125229
29-Aug-11,5.96,5.96,5.71,5.91,1818973
30-Aug-11,5.99,6.30,5.98,6.22,2675719
31-Aug-11,6.27,6.34,6.13,6.19,2549679
1-Sep-11,6.18,6.25,6.07,6.11,1963164
2-Sep-11,6.20,6.32,5.99,6.11,3421401
6-Sep-11,6.14,6.29,5.98,6.15,2866747
7-Sep-11,6.01,6.24,5.95,6.22,2488287
8-Sep-11,6.28,6.49,6.27,6.40,2545825
9-Sep-11,6.26,6.38,5.99,6.13,2268438
12-Sep-11,6.04,6.31,5.96,6.24,3400997
13-Sep-11,6.32,6.34,6.12,6.26,1946587
14-Sep-11,6.24,6.30,6.04,6.19,1947683
15-Sep-11,6.08,6.16,5.80,5.84,3244873
16-Sep-11,5.94,5.99,5.83,5.98,3847286
19-Sep-11,5.93,5.93,5.56,5.61,2834621
20-Sep-11,5.65,5.84,5.60,5.61,2530107
21-Sep-11,5.62,5.82,5.46,5.46,2133445
22-Sep-11,5.12,5.17,4.85,4.91,3504862
23-Sep-11,4.70,4.86,4.35,4.51,3399325
26-Sep-11,4.35,4.56,4.24,4.56,3222388
27-Sep-11,4.77,4.85,4.60,4.64,2709931
28-Sep-11,4.64,4.69,3.96,3.98,4149943
29-Sep-11,4.10,4.15,3.78,4.15,3353494
30-Sep-11,4.08,4.17,3.90,4.01,2727216
3-Oct-11,4.04,4.15,3.74,3.75,3314416
4-Oct-11,3.63,3.70,3.24,3.48,4853195
5-Oct-11,3.56,3.87,3.44,3.86,2657729
6-Oct-11,3.86,4.10,3.84,3.98,2767657
7-Oct-11,4.03,4.14,3.70,3.79,2349344
10-Oct-11,3.93,4.10,3.90,4.09,1693888
11-Oct-11,4.02,4.15,3.94,4.05,1761861
12-Oct-11,4.14,4.37,4.13,4.28,2533219
13-Oct-11,4.25,4.25,4.02,4.14,1317319
14-Oct-11,4.20,4.31,4.15,4.31,1425617
17-Oct-11,4.31,4.34,3.97,4.00,1580446
18-Oct-11,3.92,4.34,3.72,4.27,2804941
19-Oct-11,4.22,4.22,3.85,3.88,1994871
20-Oct-11,3.82,3.92,3.70,3.85,1856791
21-Oct-11,3.94,4.03,3.87,3.98,1412196
24-Oct-11,4.00,4.21,3.98,4.20,2206363
25-Oct-11,4.28,4.62,4.09,4.36,2859097
26-Oct-11,4.51,4.60,4.19,4.38,3651383
27-Oct-11,4.48,4.83,4.40,4.76,3902432
28-Oct-11,4.69,4.90,4.65,4.83,2151245
31-Oct-11,4.78,4.82,4.52,4.54,2082508
1-Nov-11,4.42,4.64,4.18,4.56,2994442
2-Nov-11,4.72,4.85,4.56,4.79,2163826
3-Nov-11,4.95,4.96,4.63,4.92,2277392
4-Nov-11,4.80,4.91,4.65,4.83,1610421
7-Nov-11,4.91,4.98,4.75,4.83,1830155
8-Nov-11,4.81,4.93,4.75,4.84,1937383
9-Nov-11,4.74,4.84,4.43,4.47,2738609
10-Nov-11,4.53,4.57,4.21,4.54,2425464
11-Nov-11,4.59,4.82,4.55,4.78,1852200
14-Nov-11,4.75,4.82,4.63,4.72,1550173
15-Nov-11,4.68,4.89,4.68,4.86,2304772
16-Nov-11,4.80,4.87,4.65,4.70,2435873
17-Nov-11,4.64,4.76,4.31,4.37,3156433
18-Nov-11,4.38,4.45,4.21,4.28,2155493
21-Nov-11,4.11,4.15,3.90,3.99,2435343
22-Nov-11,4.08,4.22,4.00,4.08,1812566
23-Nov-11,4.01,4.13,3.79,3.89,2352017
25-Nov-11,3.81,3.93,3.73,3.77,868263
28-Nov-11,4.06,4.17,3.94,4.06,2017265
29-Nov-11,4.08,4.13,3.75,3.80,2457177
30-Nov-11,4.00,4.25,4.00,4.15,4127534
1-Dec-11,4.18,4.25,3.94,3.96,2830138
2-Dec-11,4.02,4.06,3.71,3.84,3487128
5-Dec-11,3.83,4.02,3.83,3.90,2302997
6-Dec-11,3.91,4.04,3.76,3.97,2661418
7-Dec-11,3.94,4.00,3.76,3.90,3939469
8-Dec-11,3.85,3.85,3.55,3.58,3434451
9-Dec-11,3.62,3.72,3.47,3.69,3621781
12-Dec-11,3.51,3.52,3.37,3.46,2686595
13-Dec-11,3.50,3.56,3.11,3.14,3495477
14-Dec-11,3.08,3.22,2.93,3.08,3340644
15-Dec-11,3.15,3.20,2.95,2.98,3469227
16-Dec-11,3.02,3.16,2.97,3.13,7170355
19-Dec-11,3.13,3.13,2.94,2.99,3923308
20-Dec-11,3.10,3.27,3.10,3.24,2971240
21-Dec-11,3.26,3.26,3.09,3.18,2294669
22-Dec-11,3.18,3.30,3.13,3.18,2493455
23-Dec-11,3.21,3.31,3.17,3.27,1355131
27-Dec-11,3.26,3.29,3.11,3.16,2068337
28-Dec-11,3.21,3.23,2.99,3.10,2969134
29-Dec-11,3.08,3.31,3.04,3.31,2992655
30-Dec-11,3.37,3.50,3.30,3.36,2250988
3-Jan-12,3.47,3.74,3.47,3.72,3539877
4-Jan-12,3.69,3.83,3.51,3.60,2200779
5-Jan-12,3.51,3.67,3.45,3.58,1834268
6-Jan-12,3.58,3.71,3.50,3.62,1898658
9-Jan-12,3.65,3.79,3.62,3.73,1974137
10-Jan-12,3.81,3.94,3.79,3.83,2454242
11-Jan-12,3.81,4.00,3.76,3.92,2239266
12-Jan-12,3.97,4.19,3.88,4.13,4528641
13-Jan-12,4.07,4.25,4.01,4.22,3254923
17-Jan-12,4.29,4.61,4.29,4.49,4829342
18-Jan-12,4.53,4.72,4.44,4.69,3668002
19-Jan-12,4.73,4.88,4.51,4.63,4444502
20-Jan-12,4.66,5.05,4.63,4.98,5473746
23-Jan-12,5.17,5.34,4.97,5.13,4921838
24-Jan-12,5.07,5.23,4.92,5.22,3971164
25-Jan-12,5.16,5.87,5.08,5.87,9686981
26-Jan-12,6.03,6.05,5.53,5.75,9343564
30-Jan-12,5.90,5.97,5.78,5.86,2080388
31-Jan-12,5.94,6.17,5.69,5.80,2416892
1-Feb-12,5.94,5.95,5.73,5.77,3096698
2-Feb-12,5.82,5.86,5.66,5.80,3010545
3-Feb-12,5.81,5.82,5.66,5.76,1770019
6-Feb-12,5.70,5.80,5.60,5.64,1581433
7-Feb-12,5.63,5.76,5.53,5.61,1497810
8-Feb-12,5.57,5.74,5.47,5.52,1431594
9-Feb-12,5.51,5.63,5.33,5.33,1648835
10-Feb-12,5.05,5.22,5.00,5.09,2005638
13-Feb-12,5.13,5.18,5.04,5.08,1192663
14-Feb-12,5.07,5.12,4.95,5.05,1981953
15-Feb-12,5.08,5.17,4.93,5.01,1835840
16-Feb-12,5.00,5.16,4.91,5.16,2166324
17-Feb-12,5.18,5.21,5.02,5.06,1149740
21-Feb-12,5.11,5.54,5.09,5.52,1994987
22-Feb-12,5.50,5.77,5.45,5.67,1589315
23-Feb-12,5.75,5.81,5.66,5.79,1870673
24-Feb-12,5.85,5.85,5.61,5.65,1109630
27-Feb-12,5.65,5.70,5.46,5.52,1099722
28-Feb-12,5.65,5.78,5.54,5.69,1905671
29-Feb-12,5.73,5.84,5.21,5.23,2708856
1-Mar-12,5.29,5.61,5.26,5.46,2068119
2-Mar-12,5.38,5.42,5.10,5.22,1846575
5-Mar-12,5.18,5.20,4.93,4.98,2163169
6-Mar-12,4.76,4.85,4.68,4.77,2071627
7-Mar-12,4.77,4.90,4.72,4.78,1627701
8-Mar-12,4.87,4.99,4.81,4.94,1205105
9-Mar-12,4.98,5.23,4.88,5.02,1724098
12-Mar-12,4.96,4.96,4.50,4.51,4217663
13-Mar-12,4.61,4.76,4.53,4.61,2178748
14-Mar-12,4.44,4.50,4.15,4.20,4130965
15-Mar-12,4.24,4.33,4.16,4.22,2030325
16-Mar-12,4.23,4.31,4.00,4.03,11088775
19-Mar-12,4.17,4.28,4.09,4.11,3061620
20-Mar-12,4.04,4.09,3.94,4.07,2444449
21-Mar-12,4.11,4.22,3.90,3.90,2601077
22-Mar-12,3.83,3.86,3.72,3.74,2677354
23-Mar-12,3.88,4.16,3.86,4.12,2852044
26-Mar-12,4.30,4.37,4.13,4.37,3583785
27-Mar-12,4.35,4.45,4.24,4.24,2079226
28-Mar-12,4.25,4.26,4.06,4.13,1744975
29-Mar-12,4.08,4.14,3.96,4.11,1766683
30-Mar-12,4.20,4.46,4.08,4.44,2377146
2-Apr-12,4.45,4.66,4.38,4.52,2445583
3-Apr-12,4.53,4.54,4.11,4.16,2341958
4-Apr-12,4.02,4.15,3.95,4.05,2048900
5-Apr-12,4.11,4.15,3.95,3.97,1418351
9-Apr-12,3.98,4.15,3.98,4.04,1782880
10-Apr-12,4.04,4.10,3.85,4.05,2293471
11-Apr-12,4.06,4.18,3.96,3.98,1826076
12-Apr-12,3.94,4.23,3.94,4.13,4414497
13-Apr-12,4.10,4.12,3.90,3.91,2570129
16-Apr-12,3.93,4.03,3.80,3.82,2312105
17-Apr-12,3.82,3.92,3.65,3.69,3000438
18-Apr-12,3.63,3.67,3.33,3.40,3755066
19-Apr-12,3.45,3.59,3.38,3.45,2349377
20-Apr-12,3.48,3.58,3.48,3.50,1331419
23-Apr-12,3.41,3.46,3.30,3.37,1781246
24-Apr-12,3.39,3.48,3.34,3.34,2178683
25-Apr-12,3.39,3.50,3.34,3.47,2034041
26-Apr-12,3.52,3.64,3.49,3.57,1995151
27-Apr-12,3.63,3.70,3.53,3.58,1999925
30-Apr-12,3.57,3.79,3.46,3.79,4396560
1-May-12,3.82,4.05,3.81,3.86,2154486
2-May-12,3.87,3.88,3.58,3.60,1615658
3-May-12,3.58,3.58,3.27,3.37,2181641
4-May-12,3.37,3.49,3.30,3.33,1629104
7-May-12,3.33,3.40,3.15,3.20,1665231
8-May-12,3.05,3.18,2.98,3.15,2557729
9-May-12,3.07,3.24,2.99,3.05,4187810
10-May-12,3.18,3.22,3.00,3.04,1785806
11-May-12,2.96,3.07,2.90,3.02,2141677
14-May-12,2.94,2.95,2.70,2.71,2933632
15-May-12,2.73,2.76,2.23,2.29,7191118
16-May-12,2.26,2.40,2.18,2.24,3404589
17-May-12,2.38,2.65,2.33,2.43,3951519
18-May-12,2.55,2.56,2.20,2.22,3852483
21-May-12,2.24,2.40,2.23,2.40,1991110
22-May-12,2.33,2.42,2.12,2.16,3340509
23-May-12,2.12,2.33,1.96,2.31,4065111
24-May-12,2.40,2.46,2.28,2.41,2537978
25-May-12,2.41,2.58,2.37,2.57,1661066
29-May-12,2.66,2.74,2.49,2.54,1906279
30-May-12,2.50,2.51,2.33,2.45,1619030
31-May-12,2.45,2.50,2.26,2.36,1874230
1-Jun-12,2.41,2.55,2.39,2.43,2922753
4-Jun-12,2.43,2.67,2.37,2.65,2417756
5-Jun-12,2.70,2.75,2.62,2.68,2356484
6-Jun-12,2.78,2.82,2.58,2.64,2851587
7-Jun-12,2.69,2.75,2.54,2.58,1723209
8-Jun-12,2.54,2.55,2.42,2.49,1964678
11-Jun-12,2.52,2.58,2.43,2.47,3071041
12-Jun-12,2.50,2.65,2.47,2.62,3091037
13-Jun-12,2.56,2.80,2.55,2.78,4205419
14-Jun-12,2.80,2.85,2.68,2.85,2999231
15-Jun-12,2.82,2.99,2.76,2.92,6725610
18-Jun-12,2.86,3.15,2.81,3.10,2695648
19-Jun-12,3.13,3.30,3.07,3.27,3083050
20-Jun-12,3.23,3.37,3.11,3.23,2949345
21-Jun-12,3.12,3.17,2.82,2.86,2652464
22-Jun-12,2.84,3.03,2.82,3.03,15251755
25-Jun-12,2.95,3.06,2.90,3.03,1833964
26-Jun-12,3.03,3.06,2.92,2.95,1489396
27-Jun-12,2.96,3.02,2.80,2.97,1674276
28-Jun-12,2.92,2.98,2.78,2.81,1667342
29-Jun-12,3.01,3.05,2.94,3.01,2076728
2-Jul-12,2.99,3.05,2.87,2.93,1746463
3-Jul-12,2.98,3.29,2.98,3.29,2025214
5-Jul-12,3.26,3.42,3.19,3.23,2341534
6-Jul-12,3.13,3.19,3.04,3.07,1682508
9-Jul-12,3.07,3.12,2.98,3.04,1207958
10-Jul-12,3.08,3.17,2.77,2.85,2408691
11-Jul-12,2.87,2.90,2.71,2.86,1669859
12-Jul-12,2.80,3.12,2.63,3.04,2935921
13-Jul-12,3.06,3.14,3.02,3.04,1399730
16-Jul-12,3.00,3.10,2.95,3.03,1039220
17-Jul-12,3.06,3.07,2.91,3.04,1276505
18-Jul-12,3.03,3.14,2.95,2.99,1280564
19-Jul-12,3.01,3.10,2.94,3.00,930083
20-Jul-12,2.97,3.05,2.95,2.97,1009070
23-Jul-12,2.93,2.93,2.85,2.86,1188231
24-Jul-12,2.88,2.90,2.69,2.74,1634457
25-Jul-12,2.81,2.92,2.75,2.82,1285185
26-Jul-12,2.88,2.94,2.83,2.92,1241493
27-Jul-12,2.95,3.14,2.93,3.11,1828921
30-Jul-12,3.15,3.22,3.10,3.12,1230249
31-Jul-12,3.12,3.18,2.95,2.99,2046083
1-Aug-12,2.94,3.04,2.85,2.85,1589647
2-Aug-12,2.85,3.05,2.81,2.89,1275342
3-Aug-12,3.00,3.20,2.94,3.19,1855270
6-Aug-12,3.18,3.50,3.16,3.33,2254750
7-Aug-12,3.36,3.54,3.35,3.43,2160147
8-Aug-12,3.44,3.59,3.35,3.40,1596187
9-Aug-12,3.36,3.59,3.36,3.58,1653816
10-Aug-12,3.55,3.59,3.32,3.40,2087603
13-Aug-12,3.41,3.49,3.21,3.28,1543661
14-Aug-12,3.27,3.38,3.24,3.31,1287607
15-Aug-12,3.26,3.34,3.26,3.30,934861
16-Aug-12,3.32,3.52,3.30,3.47,1571155
17-Aug-12,3.46,3.55,3.42,3.55,1447895
20-Aug-12,3.52,3.77,3.48,3.70,1482989
21-Aug-12,3.78,4.04,3.78,3.98,3236408
22-Aug-12,4.00,4.06,3.85,4.04,2236012
23-Aug-12,4.14,4.22,3.92,3.94,2245480
24-Aug-12,3.98,4.02,3.85,3.98,1120280
27-Aug-12,3.99,4.03,3.88,3.92,1417017
28-Aug-12,3.88,4.01,3.88,3.90,1251401
29-Aug-12,3.90,3.96,3.78,3.81,1248256
30-Aug-12,3.82,3.87,3.63,3.71,1214997
31-Aug-12,3.76,3.99,3.70,3.96,2150803
4-Sep-12,3.96,4.05,3.85,3.92,3047194
5-Sep-12,3.90,3.95,3.83,3.91,1674806
6-Sep-12,3.96,4.13,3.94,4.10,3379446
7-Sep-12,4.20,4.36,4.19,4.35,3303612
10-Sep-12,4.33,4.56,4.26,4.40,2610035
11-Sep-12,4.44,4.50,4.26,4.32,2047072
12-Sep-12,4.32,4.40,4.07,4.28,2809410
13-Sep-12,4.27,4.66,4.14,4.60,5189555
14-Sep-12,4.64,4.85,4.58,4.68,4007410
17-Sep-12,4.68,4.72,4.50,4.59,2584366
18-Sep-12,4.61,4.78,4.54,4.77,2852887
19-Sep-12,4.81,4.86,4.67,4.83,2950599
20-Sep-12,4.77,4.77,4.60,4.72,2823313
21-Sep-12,4.79,4.87,4.65,4.69,9216699
24-Sep-12,4.58,4.75,4.50,4.57,2419705
25-Sep-12,4.67,4.73,4.43,4.43,2180365
26-Sep-12,4.42,4.60,4.22,4.49,3164131
27-Sep-12,4.57,4.77,4.50,4.75,2180548
28-Sep-12,4.72,4.78,4.59,4.59,1802847
1-Oct-12,4.74,4.89,4.71,4.75,3817905
2-Oct-12,4.79,4.82,4.61,4.68,2286671
3-Oct-12,4.71,4.72,4.51,4.57,1802398
4-Oct-12,4.64,4.84,4.60,4.82,2573035
5-Oct-12,4.80,4.90,4.73,4.79,2523811
8-Oct-12,4.70,4.77,4.67,4.72,1025763
9-Oct-12,4.71,4.76,4.55,4.57,2274595
10-Oct-12,4.53,4.73,4.47,4.59,2063915
11-Oct-12,4.66,4.70,4.60,4.64,1343515
12-Oct-12,4.63,4.69,4.50,4.52,1525032
15-Oct-12,4.46,4.56,4.32,4.56,1749918
16-Oct-12,4.55,4.70,4.55,4.70,1662874
17-Oct-12,4.70,4.81,4.61,4.73,1665152
18-Oct-12,4.69,4.76,4.62,4.67,1451630
19-Oct-12,4.64,4.68,4.52,4.61,1992129
22-Oct-12,4.66,4.81,4.61,4.80,1610737
23-Oct-12,4.71,4.71,4.55,4.59,2130972
24-Oct-12,4.63,4.65,4.38,4.40,1995696
25-Oct-12,4.53,4.63,4.45,4.57,2360682
26-Oct-12,4.60,4.65,4.46,4.48,1335413
31-Oct-12,4.50,4.86,4.46,4.86,3438947
1-Nov-12,4.84,4.94,4.77,4.78,2458408
2-Nov-12,4.76,4.76,4.46,4.51,3141794
5-Nov-12,4.52,4.56,4.46,4.48,1676557
6-Nov-12,4.42,4.51,4.31,4.49,2896114
7-Nov-12,4.54,4.69,4.44,4.67,3213829
8-Nov-12,4.66,4.69,4.40,4.47,3336092
9-Nov-12,4.45,4.55,4.39,4.43,1923442
12-Nov-12,4.43,4.45,3.98,4.13,4027123
13-Nov-12,4.07,4.14,3.91,3.92,2199609
14-Nov-12,3.92,3.99,3.64,3.66,3235864
15-Nov-12,3.57,3.64,3.38,3.41,3081935
16-Nov-12,3.39,3.56,3.30,3.46,2730507
19-Nov-12,3.61,3.78,3.58,3.71,2305492
20-Nov-12,3.69,3.70,3.50,3.55,1796563
21-Nov-12,3.55,3.63,3.50,3.53,1303217
23-Nov-12,3.51,3.82,3.50,3.82,1634019
26-Nov-12,3.80,3.85,3.72,3.78,1818840
27-Nov-12,3.74,3.74,3.57,3.58,1751701
28-Nov-12,3.48,3.65,3.39,3.64,2139434
29-Nov-12,3.69,3.75,3.65,3.69,1764572
30-Nov-12,3.68,3.72,3.64,3.70,1684481
3-Dec-12,3.71,3.79,3.67,3.70,1710714
4-Dec-12,3.65,3.84,3.61,3.83,2071559
5-Dec-12,3.83,3.84,3.59,3.60,2064109
6-Dec-12,3.58,3.67,3.53,3.55,1520015
7-Dec-12,3.58,3.64,3.50,3.56,1385800
10-Dec-12,3.58,3.69,3.57,3.68,875917
11-Dec-12,3.71,3.78,3.67,3.75,984633
12-Dec-12,3.78,3.93,3.74,3.81,2240504
13-Dec-12,3.74,3.89,3.67,3.73,2189444
14-Dec-12,3.69,3.87,3.68,3.84,1495216
17-Dec-12,3.85,3.88,3.71,3.83,1940415
18-Dec-12,3.83,3.85,3.75,3.81,2166503
19-Dec-12,3.77,3.79,3.63,3.66,1836056
20-Dec-12,3.62,3.68,3.48,3.68,2699370
21-Dec-12,3.63,3.77,3.60,3.75,8221649
24-Dec-12,3.77,3.81,3.66,3.81,1126913
26-Dec-12,3.85,3.90,3.80,3.81,1321406
27-Dec-12,3.79,3.92,3.74,3.78,1911599
28-Dec-12,3.77,3.81,3.65,3.68,1730261
31-Dec-12,3.66,3.88,3.66,3.83,2355579
2-Jan-13,3.97,4.02,3.91,3.96,2415495
3-Jan-13,3.95,3.95,3.68,3.72,1958780
4-Jan-13,3.71,3.77,3.66,3.75,1259886
7-Jan-13,3.71,3.77,3.68,3.68,1251006
8-Jan-13,3.70,3.77,3.67,3.70,1554465
9-Jan-13,3.80,3.80,3.70,3.73,1053379
10-Jan-13,3.78,3.96,3.77,3.90,2502672
11-Jan-13,3.95,3.95,3.83,3.84,1485541
14-Jan-13,3.85,3.92,3.67,3.71,2631320
15-Jan-13,3.74,3.83,3.70,3.77,1695942
16-Jan-13,3.74,3.75,3.68,3.71,1179460
17-Jan-13,3.71,3.77,3.67,3.73,1577868
18-Jan-13,3.73,3.76,3.65,3.68,1745976
22-Jan-13,3.67,3.77,3.65,3.74,2477032
23-Jan-13,3.75,3.76,3.65,3.66,1906844
24-Jan-13,3.63,3.63,3.40,3.40,2839657
25-Jan-13,3.36,3.39,3.21,3.27,3133141
28-Jan-13,3.24,3.27,3.05,3.14,2946581
29-Jan-13,3.17,3.27,3.12,3.17,2155683
30-Jan-13,3.21,3.26,3.08,3.11,3207955
31-Jan-13,3.11,3.22,3.10,3.13,2372212
1-Feb-13,3.21,3.23,3.12,3.14,2312055
4-Feb-13,3.12,3.17,3.08,3.08,2110385
5-Feb-13,3.13,3.13,3.04,3.07,1609997
6-Feb-13,3.05,3.09,3.03,3.06,1252047
7-Feb-13,3.04,3.13,3.00,3.07,1484811
8-Feb-13,3.15,3.19,3.07,3.14,1891282
11-Feb-13,3.13,3.14,2.95,2.98,2613940
12-Feb-13,3.02,3.02,2.76,2.84,5179725
13-Feb-13,2.93,2.93,2.76,2.78,2956414
14-Feb-13,2.78,2.85,2.76,2.79,2130035
15-Feb-13,2.77,2.77,2.61,2.69,3500661
19-Feb-13,2.72,2.74,2.62,2.65,2943183
20-Feb-13,2.60,2.61,2.42,2.50,5211407
21-Feb-13,2.53,2.66,2.52,2.59,2323738
22-Feb-13,2.58,2.62,2.51,2.55,1752199
25-Feb-13,2.63,2.73,2.60,2.61,2226312
26-Feb-13,2.65,2.72,2.58,2.70,2089265
27-Feb-13,2.70,2.70,2.55,2.61,1867001
28-Feb-13,2.60,2.62,2.41,2.43,2076046
1-Mar-13,2.42,2.49,2.40,2.43,2292541
4-Mar-13,2.43,2.43,2.26,2.29,3024600
5-Mar-13,2.37,2.43,2.28,2.28,2080529
6-Mar-13,2.28,2.71,2.15,2.70,6221308
7-Mar-13,2.77,2.81,2.51,2.54,4340241
8-Mar-13,2.52,2.73,2.43,2.64,3569449
11-Mar-13,2.76,2.78,2.58,2.60,2818562
12-Mar-13,2.70,2.88,2.61,2.83,3931863
13-Mar-13,2.82,2.84,2.63,2.64,3753515
14-Mar-13,2.65,2.75,2.61,2.72,2184846
15-Mar-13,2.73,2.79,2.69,2.75,5739517
18-Mar-13,2.85,2.90,2.79,2.81,2345694
19-Mar-13,2.80,2.81,2.71,2.74,2010906
20-Mar-13,2.74,2.80,2.70,2.76,1158534
21-Mar-13,2.79,3.04,2.79,3.02,3769825
22-Mar-13,3.01,3.04,2.91,2.98,2188002
25-Mar-13,2.98,2.98,2.85,2.94,2375375
26-Mar-13,2.94,2.95,2.80,2.90,2473132
27-Mar-13,2.87,3.00,2.81,2.96,2193276
28-Mar-13,2.94,2.96,2.83,2.86,2175249
1-Apr-13,2.94,2.95,2.75,2.82,2083040
2-Apr-13,2.78,2.85,2.65,2.69,2783544
3-Apr-13,2.69,2.78,2.30,2.50,4725183
4-Apr-13,2.46,2.72,2.42,2.66,3378498
5-Apr-13,2.69,2.81,2.67,2.74,2907047
8-Apr-13,2.73,2.77,2.59,2.59,1827200
9-Apr-13,2.60,2.80,2.60,2.66,3656800
10-Apr-13,2.64,2.64,2.52,2.58,2392581
11-Apr-13,2.58,2.62,2.46,2.48,2787402
12-Apr-13,2.42,2.43,2.20,2.24,6258290
15-Apr-13,2.06,2.14,2.03,2.08,4232435
16-Apr-13,2.16,2.23,1.88,1.91,5579674
17-Apr-13,1.91,1.99,1.72,1.75,5773083
18-Apr-13,1.78,1.95,1.67,1.89,5498808
19-Apr-13,1.95,1.98,1.81,1.94,4741188
22-Apr-13,1.99,2.03,1.80,1.83,5914922
23-Apr-13,1.83,1.92,1.76,1.89,2261092
24-Apr-13,1.91,2.09,1.91,2.08,3934444
25-Apr-13,2.12,2.24,2.09,2.11,5276679
26-Apr-13,2.11,2.18,2.03,2.07,3963629
29-Apr-13,2.08,2.20,2.05,2.18,3349084
30-Apr-13,2.13,2.34,2.10,2.33,4617271
1-May-13,2.21,2.26,2.08,2.22,4639405
2-May-13,2.26,2.29,2.15,2.24,2249570
3-May-13,2.23,2.33,2.13,2.15,3404253
6-May-13,2.18,2.18,2.06,2.15,2833998
7-May-13,2.11,2.11,2.00,2.07,3107916
8-May-13,2.08,2.15,2.03,2.15,3580714
9-May-13,2.09,2.29,2.07,2.12,4062079
10-May-13,2.07,2.24,2.03,2.23,3432631
13-May-13,2.20,2.24,2.16,2.19,1976214
14-May-13,2.17,2.24,2.12,2.15,2248795
15-May-13,2.12,2.12,2.02,2.05,3088439
16-May-13,2.04,2.13,1.99,2.05,2658517
17-May-13,2.02,2.05,1.91,1.96,2735850
20-May-13,1.91,2.35,1.91,2.33,5575445
21-May-13,2.19,2.30,2.16,2.19,3249159
22-May-13,2.25,2.42,2.20,2.33,5497398
23-May-13,2.37,2.41,2.27,2.33,2522064
24-May-13,2.32,2.38,2.25,2.31,1440959
28-May-13,2.32,2.41,2.25,2.30,2581316
29-May-13,2.30,2.39,2.27,2.38,1613248
30-May-13,2.41,2.60,2.41,2.58,2883220
31-May-13,2.57,2.60,2.45,2.55,3254392
3-Jun-13,2.54,2.74,2.54,2.73,3562999
4-Jun-13,2.70,2.73,2.63,2.66,1874040
5-Jun-13,2.68,2.73,2.55,2.63,2430509
6-Jun-13,2.65,2.70,2.58,2.67,2648181
7-Jun-13,2.57,2.61,2.39,2.44,2530641
10-Jun-13,2.42,2.52,2.37,2.49,1545086
11-Jun-13,2.35,2.42,2.28,2.31,2150078
12-Jun-13,2.28,2.35,2.20,2.27,2810448
13-Jun-13,2.25,2.33,2.17,2.23,1969701
14-Jun-13,2.25,2.30,2.06,2.10,2500916
17-Jun-13,2.15,2.17,2.02,2.15,3482547
18-Jun-13,2.14,2.17,2.03,2.11,2568074
19-Jun-13,2.11,2.12,2.02,2.02,2128047
20-Jun-13,1.90,2.04,1.82,1.86,5183306
21-Jun-13,1.90,2.03,1.82,2.03,11772715
24-Jun-13,1.94,1.95,1.80,1.86,3379810
25-Jun-13,1.85,1.90,1.80,1.82,1984288
26-Jun-13,1.76,1.81,1.63,1.67,5051811
27-Jun-13,1.69,1.75,1.66,1.69,3496143
28-Jun-13,1.69,1.94,1.67,1.68,27070206
1-Jul-13,1.77,1.86,1.75,1.79,4198407
2-Jul-13,1.82,1.84,1.75,1.78,2650562
3-Jul-13,1.83,1.94,1.80,1.91,2340350
5-Jul-13,1.86,1.86,1.74,1.77,3230031
8-Jul-13,1.81,1.82,1.65,1.65,2955616
9-Jul-13,1.72,1.80,1.71,1.76,2890386
10-Jul-13,1.78,1.83,1.71,1.72,2542555
11-Jul-13,1.90,1.93,1.81,1.89,3268915
12-Jul-13,1.84,1.90,1.83,1.88,1597412
15-Jul-13,1.88,1.90,1.82,1.83,1323523
16-Jul-13,1.85,1.92,1.84,1.91,1889905
17-Jul-13,1.94,1.94,1.83,1.83,2145702
18-Jul-13,1.84,1.88,1.82,1.86,1326788
19-Jul-13,1.87,1.91,1.82,1.89,1945214
22-Jul-13,1.97,2.04,1.93,2.02,3164145
23-Jul-13,2.02,2.18,2.00,2.18,3662362
24-Jul-13,2.13,2.17,1.96,2.06,3160327
25-Jul-13,2.06,2.14,2.04,2.06,1768844
26-Jul-13,2.03,2.08,1.96,2.04,2983602
29-Jul-13,2.07,2.09,1.99,2.00,1690274
30-Jul-13,2.00,2.04,1.96,1.99,2032380
31-Jul-13,1.97,2.04,1.94,1.96,2451780
1-Aug-13,1.96,2.03,1.92,1.93,1625218
2-Aug-13,1.94,2.01,1.90,1.90,1581290
5-Aug-13,1.90,1.98,1.90,1.93,1328670
6-Aug-13,1.91,1.91,1.81,1.82,1765606
7-Aug-13,1.82,1.84,1.77,1.78,1493548
8-Aug-13,1.83,1.97,1.81,1.94,3050138
9-Aug-13,1.95,2.08,1.94,2.01,2607694
12-Aug-13,2.14,2.24,2.12,2.19,4009689
13-Aug-13,2.20,2.26,2.10,2.21,3014088
14-Aug-13,2.21,2.43,2.19,2.37,3273576
15-Aug-13,2.33,2.58,2.31,2.56,5800343
16-Aug-13,2.60,2.62,2.40,2.52,3774802
19-Aug-13,2.56,2.58,2.45,2.48,2966787
20-Aug-13,2.48,2.59,2.44,2.55,3694148
21-Aug-13,2.52,2.60,2.48,2.52,2591278
22-Aug-13,2.54,2.62,2.52,2.58,2146116
23-Aug-13,2.58,2.74,2.53,2.69,3386002
26-Aug-13,2.76,2.85,2.64,2.77,3959236
27-Aug-13,2.89,2.93,2.58,2.61,4807036
28-Aug-13,2.62,2.72,2.52,2.57,3018088
29-Aug-13,2.60,2.88,2.55,2.88,6898352
30-Aug-13,2.80,2.83,2.67,2.71,3645117
3-Sep-13,2.80,2.86,2.74,2.78,3121421
4-Sep-13,2.72,2.79,2.68,2.79,2993150
5-Sep-13,2.76,2.77,2.61,2.65,2528249
6-Sep-13,2.70,2.76,2.68,2.73,2102454
9-Sep-13,2.76,2.77,2.69,2.72,2297576
10-Sep-13,2.67,2.69,2.63,2.65,3094740
11-Sep-13,2.65,2.67,2.50,2.62,2462821
12-Sep-13,2.48,2.50,2.37,2.44,3700279
13-Sep-13,2.40,2.46,2.25,2.29,4027102
16-Sep-13,2.29,2.62,2.28,2.55,7007067
17-Sep-13,2.56,2.59,2.49,2.59,3485804
18-Sep-13,2.57,2.90,2.50,2.89,6085618
